changetype,givenName,sn,fullName,cn,description,l,title,ou,securityEquals,groupMembership,securityEquals,groupMembership,telephoneNumber,mobile,uid,co,company,st,isManager,physicalDeliveryOfficeName,workforceID
add,Aaron,Smith,Aaron Smith,asmith,asmith,Atlanta,Senior Consultant,Consulting,"cn=allhands,ou=nfs4-groups,o=nfs4","cn=allhands,ou=nfs4-groups,o=nfs4","cn=edir-users,ou=nfs4-groups,o=nfs4","cn=edir-users,ou=nfs4-groups,o=nfs4",1-404-806-3855,1-404-793-2281,asmith,United States,Excession Systems,Georgia,FALSE,Atlanta,2-00192
add,Adam,Garner,Adam Garner,agarner,agarner,Atlanta,Linux Developer,Developers,"cn=allhands,ou=nfs4-groups,o=nfs4","cn=allhands,ou=nfs4-groups,o=nfs4","cn=edir-users,ou=nfs4-groups,o=nfs4","cn=edir-users,ou=nfs4-groups,o=nfs4",1-404-806-3855,1-404-793-2281,agarner,United States,Excession Systems,Georgia,FALSE,Atlanta,2-00193
add,Alex,Giles,Alex Giles,agiles,agiles,Atlanta,AP Technician,Finance,"cn=allhands,ou=nfs4-groups,o=nfs4","cn=allhands,ou=nfs4-groups,o=nfs4","cn=edir-users,ou=nfs4-groups,o=nfs4","cn=edir-users,ou=nfs4-groups,o=nfs4",1-404-806-3855,1-404-793-2281,agiles,United States,Excession Systems,Georgia,FALSE,Atlanta,2-00194
add,Alexandria,Ray,Alexandria Ray,aray,aray,Atlanta,HR Supervisor,Human Resources,"cn=allhands,ou=nfs4-groups,o=nfs4","cn=allhands,ou=nfs4-groups,o=nfs4","cn=edir-users,ou=nfs4-groups,o=nfs4","cn=edir-users,ou=nfs4-groups,o=nfs4",1-404-806-3855,1-404-793-2281,aray,United States,Excession Systems,Georgia,FALSE,Atlanta,2-00195
add,Alicia,Hodge,Alicia Hodge,ahodge,ahodge,Atlanta,Legal Supervisor,Legal,"cn=allhands,ou=nfs4-groups,o=nfs4","cn=allhands,ou=nfs4-groups,o=nfs4","cn=edir-users,ou=nfs4-groups,o=nfs4","cn=edir-users,ou=nfs4-groups,o=nfs4",1-404-806-3855,1-404-793-2281,ahodge,United States,Excession Systems,Georgia,FALSE,Atlanta,2-00196
add,Amanda,Taylor,Amanda Taylor,amtaylor,amtaylor,Atlanta,Operations Officer,Operations,"cn=allhands,ou=nfs4-groups,o=nfs4","cn=allhands,ou=nfs4-groups,o=nfs4","cn=edir-users,ou=nfs4-groups,o=nfs4","cn=edir-users,ou=nfs4-groups,o=nfs4",1-404-806-3855,1-404-793-2281,amtaylor,United States,Excession Systems,Georgia,FALSE,Atlanta,2-00197
add,Amy,Goodwin,Amy Goodwin,agoodwin,agoodwin,Atlanta,Inside Sales,Sales,"cn=allhands,ou=nfs4-groups,o=nfs4","cn=allhands,ou=nfs4-groups,o=nfs4","cn=edir-users,ou=nfs4-groups,o=nfs4","cn=edir-users,ou=nfs4-groups,o=nfs4",1-404-806-3855,1-404-793-2281,agoodwin,United States,Excession Systems,Georgia,FALSE,Atlanta,2-00198
add,Andrew,Pugh,Andrew Pugh,apugh,apugh,Atlanta,Web Support Technician,Support,"cn=allhands,ou=nfs4-groups,o=nfs4","cn=allhands,ou=nfs4-groups,o=nfs4","cn=edir-users,ou=nfs4-groups,o=nfs4","cn=edir-users,ou=nfs4-groups,o=nfs4",1-404-806-3855,1-404-793-2281,apugh,United States,Excession Systems,Georgia,FALSE,Atlanta,2-00199
add,Anthony,Garza,Anthony Garza,agarza,agarza,Atlanta,Network Technician,Technical,"cn=allhands,ou=nfs4-groups,o=nfs4","cn=allhands,ou=nfs4-groups,o=nfs4","cn=edir-users,ou=nfs4-groups,o=nfs4","cn=edir-users,ou=nfs4-groups,o=nfs4",1-404-806-3855,1-404-793-2281,agarza,United States,Excession Systems,Georgia,FALSE,Atlanta,2-00200
add,Ashley,Boyer,Ashley Boyer,aboyer,aboyer,Atlanta,Senior Consultant,Consulting,"cn=allhands,ou=nfs4-groups,o=nfs4","cn=allhands,ou=nfs4-groups,o=nfs4","cn=edir-users,ou=nfs4-groups,o=nfs4","cn=edir-users,ou=nfs4-groups,o=nfs4",1-404-806-3855,1-404-793-2281,aboyer,United States,Excession Systems,Georgia,FALSE,Atlanta,2-00201
add,Blake,Clark,Blake Clark,bclark,bclark,Atlanta,Windows Developer,Developers,"cn=allhands,ou=nfs4-groups,o=nfs4","cn=allhands,ou=nfs4-groups,o=nfs4","cn=edir-users,ou=nfs4-groups,o=nfs4","cn=edir-users,ou=nfs4-groups,o=nfs4",1-404-806-3855,1-404-793-2281,bclark,United States,Excession Systems,Georgia,FALSE,Atlanta,2-00202
add,Brandon,George,Brandon George,bgeorge,bgeorge,Atlanta,AR Technician,Finance,"cn=allhands,ou=nfs4-groups,o=nfs4","cn=allhands,ou=nfs4-groups,o=nfs4","cn=edir-users,ou=nfs4-groups,o=nfs4","cn=edir-users,ou=nfs4-groups,o=nfs4",1-404-806-3855,1-404-793-2281,bgeorge,United States,Excession Systems,Georgia,FALSE,Atlanta,2-00203
add,Brian,Juarez,Brian Juarez,bjuarez,bjuarez,Atlanta,Payroll Technician,Human Resources,"cn=allhands,ou=nfs4-groups,o=nfs4","cn=allhands,ou=nfs4-groups,o=nfs4","cn=edir-users,ou=nfs4-groups,o=nfs4","cn=edir-users,ou=nfs4-groups,o=nfs4",1-404-806-3855,1-404-793-2281,bjuarez,United States,Excession Systems,Georgia,FALSE,Atlanta,2-00204
add,Brianna,Dillon,Brianna Dillon,bdillon,bdillon,Atlanta,Lawyer,Legal,"cn=allhands,ou=nfs4-groups,o=nfs4","cn=allhands,ou=nfs4-groups,o=nfs4","cn=edir-users,ou=nfs4-groups,o=nfs4","cn=edir-users,ou=nfs4-groups,o=nfs4",1-404-806-3855,1-404-793-2281,bdillon,United States,Excession Systems,Georgia,FALSE,Atlanta,2-00205
add,Brittney,Arroyo,Brittney Arroyo,barroyo,barroyo,Atlanta,Operations Officer,Operations,"cn=allhands,ou=nfs4-groups,o=nfs4","cn=allhands,ou=nfs4-groups,o=nfs4","cn=edir-users,ou=nfs4-groups,o=nfs4","cn=edir-users,ou=nfs4-groups,o=nfs4",1-404-806-3855,1-404-793-2281,barroyo,United States,Excession Systems,Georgia,FALSE,Atlanta,2-00206
add,Caitlin,Scott,Caitlin Scott,cscott,cscott,Atlanta,Sales Executive,Sales,"cn=allhands,ou=nfs4-groups,o=nfs4","cn=allhands,ou=nfs4-groups,o=nfs4","cn=edir-users,ou=nfs4-groups,o=nfs4","cn=edir-users,ou=nfs4-groups,o=nfs4",1-404-806-3855,1-404-793-2281,cscott,United States,Excession Systems,Georgia,FALSE,Atlanta,2-00207
add,Cameron,Bishop,Cameron Bishop,cbishop,cbishop,Atlanta,iOS Support Technician,Support,"cn=allhands,ou=nfs4-groups,o=nfs4","cn=allhands,ou=nfs4-groups,o=nfs4","cn=edir-users,ou=nfs4-groups,o=nfs4","cn=edir-users,ou=nfs4-groups,o=nfs4",1-404-806-3855,1-404-793-2281,cbishop,United States,Excession Systems,Georgia,FALSE,Atlanta,2-00208
add,Caroline,Tate,Caroline Tate,ctate,ctate,Atlanta,Storage Technician,Technical,"cn=allhands,ou=nfs4-groups,o=nfs4","cn=allhands,ou=nfs4-groups,o=nfs4","cn=edir-users,ou=nfs4-groups,o=nfs4","cn=edir-users,ou=nfs4-groups,o=nfs4",1-404-806-3855,1-404-793-2281,ctate,United States,Excession Systems,Georgia,FALSE,Atlanta,2-00209
add,Catherine,Brennan,Catherine Brennan,cbrennan,cbrennan,Atlanta,Senior Consultant,Consulting,"cn=allhands,ou=nfs4-groups,o=nfs4","cn=allhands,ou=nfs4-groups,o=nfs4","cn=edir-users,ou=nfs4-groups,o=nfs4","cn=edir-users,ou=nfs4-groups,o=nfs4",1-404-806-3855,1-404-793-2281,cbrennan,United States,Excession Systems,Georgia,FALSE,Atlanta,2-00210
add,Chase,Sampson,Chase Sampson,csampson,csampson,Atlanta,iOS Developer,Developers,"cn=allhands,ou=nfs4-groups,o=nfs4","cn=allhands,ou=nfs4-groups,o=nfs4","cn=edir-users,ou=nfs4-groups,o=nfs4","cn=edir-users,ou=nfs4-groups,o=nfs4",1-404-806-3855,1-404-793-2281,csampson,United States,Excession Systems,Georgia,FALSE,Atlanta,2-00211
add,Christian,Phillips,Christian Phillips,cphillip,cphillip,Atlanta,Finance Supervisor,Finance,"cn=allhands,ou=nfs4-groups,o=nfs4","cn=allhands,ou=nfs4-groups,o=nfs4","cn=edir-users,ou=nfs4-groups,o=nfs4","cn=edir-users,ou=nfs4-groups,o=nfs4",1-404-806-3855,1-404-793-2281,cphillip,United States,Excession Systems,Georgia,FALSE,Atlanta,2-00212
add,Christopher,Howell,Christopher Howell,chowell,chowell,Atlanta,Payroll Technician,Human Resources,"cn=allhands,ou=nfs4-groups,o=nfs4","cn=allhands,ou=nfs4-groups,o=nfs4","cn=edir-users,ou=nfs4-groups,o=nfs4","cn=edir-users,ou=nfs4-groups,o=nfs4",1-404-806-3855,1-404-793-2281,chowell,United States,Excession Systems,Georgia,FALSE,Atlanta,2-00213
add,Connor,Hampton,Connor Hampton,champton,champton,Atlanta,Legal Assistant,Legal,"cn=allhands,ou=nfs4-groups,o=nfs4","cn=allhands,ou=nfs4-groups,o=nfs4","cn=edir-users,ou=nfs4-groups,o=nfs4","cn=edir-users,ou=nfs4-groups,o=nfs4",1-404-806-3855,1-404-793-2281,champton,United States,Excession Systems,Georgia,FALSE,Atlanta,2-00214
add,Courtney,Wiley,Courtney Wiley,cwiley,cwiley,Atlanta,Operations Supervisor,Operations,"cn=allhands,ou=nfs4-groups,o=nfs4","cn=allhands,ou=nfs4-groups,o=nfs4","cn=edir-users,ou=nfs4-groups,o=nfs4","cn=edir-users,ou=nfs4-groups,o=nfs4",1-404-806-3855,1-404-793-2281,cwiley,United States,Excession Systems,Georgia,FALSE,Atlanta,2-00215
add,Dakota,Best,Dakota Best,dbest,dbest,Atlanta,Marketing Executive,Sales,"cn=allhands,ou=nfs4-groups,o=nfs4","cn=allhands,ou=nfs4-groups,o=nfs4","cn=edir-users,ou=nfs4-groups,o=nfs4","cn=edir-users,ou=nfs4-groups,o=nfs4",1-404-806-3855,1-404-793-2281,dbest,United States,Excession Systems,Georgia,FALSE,Atlanta,2-00216
add,David,Murphy,David Murphy,dmurphy,dmurphy,Atlanta,DB Support Technician,Support,"cn=allhands,ou=nfs4-groups,o=nfs4","cn=allhands,ou=nfs4-groups,o=nfs4","cn=edir-users,ou=nfs4-groups,o=nfs4","cn=edir-users,ou=nfs4-groups,o=nfs4",1-404-806-3855,1-404-793-2281,dmurphy,United States,Excession Systems,Georgia,FALSE,Atlanta,2-00217
add,Destiny,Chen,Destiny Chen,dchen,dchen,Atlanta,Linux Technician,Technical,"cn=allhands,ou=nfs4-groups,o=nfs4","cn=allhands,ou=nfs4-groups,o=nfs4","cn=edir-users,ou=nfs4-groups,o=nfs4","cn=edir-users,ou=nfs4-groups,o=nfs4",1-404-806-3855,1-404-793-2281,dchen,United States,Excession Systems,Georgia,FALSE,Atlanta,2-00218
add,Diana,Harrington,Diana Harrington,dharring,dharring,Atlanta,Intermediate Consultant,Consulting,"cn=allhands,ou=nfs4-groups,o=nfs4","cn=allhands,ou=nfs4-groups,o=nfs4","cn=edir-users,ou=nfs4-groups,o=nfs4","cn=edir-users,ou=nfs4-groups,o=nfs4",1-404-806-3855,1-404-793-2281,dharring,United States,Excession Systems,Georgia,FALSE,Atlanta,2-00219
add,Dylan,Macias,Dylan Macias,dmacias,dmacias,Atlanta,Web Developer,Developers,"cn=allhands,ou=nfs4-groups,o=nfs4","cn=allhands,ou=nfs4-groups,o=nfs4","cn=edir-users,ou=nfs4-groups,o=nfs4","cn=edir-users,ou=nfs4-groups,o=nfs4",1-404-806-3855,1-404-793-2281,dmacias,United States,Excession Systems,Georgia,FALSE,Atlanta,2-00220
add,Elizabeth,Rubio,Elizabeth Rubio,erubio,erubio,Atlanta,GL Technician,Finance,"cn=allhands,ou=nfs4-groups,o=nfs4","cn=allhands,ou=nfs4-groups,o=nfs4","cn=edir-users,ou=nfs4-groups,o=nfs4","cn=edir-users,ou=nfs4-groups,o=nfs4",1-404-806-3855,1-404-793-2281,erubio,United States,Excession Systems,Georgia,FALSE,Atlanta,2-00221
add,Eric,Kelly,Eric Kelly,ekelly,ekelly,Atlanta,Benefits Technician,Human Resources,"cn=allhands,ou=nfs4-groups,o=nfs4","cn=allhands,ou=nfs4-groups,o=nfs4","cn=edir-users,ou=nfs4-groups,o=nfs4","cn=edir-users,ou=nfs4-groups,o=nfs4",1-404-806-3855,1-404-793-2281,ekelly,United States,Excession Systems,Georgia,FALSE,Atlanta,2-00222
add,Erika,Day,Erika Day,eday,eday,Atlanta,Lawyer,Legal,"cn=allhands,ou=nfs4-groups,o=nfs4","cn=allhands,ou=nfs4-groups,o=nfs4","cn=edir-users,ou=nfs4-groups,o=nfs4","cn=edir-users,ou=nfs4-groups,o=nfs4",1-404-806-3855,1-404-793-2281,eday,United States,Excession Systems,Georgia,FALSE,Atlanta,2-00223
add,Ethan,French,Ethan French,efrench,efrench,Atlanta,Inside Sales,Sales,"cn=allhands,ou=nfs4-groups,o=nfs4","cn=allhands,ou=nfs4-groups,o=nfs4","cn=edir-users,ou=nfs4-groups,o=nfs4","cn=edir-users,ou=nfs4-groups,o=nfs4",1-404-806-3855,1-404-793-2281,efrench,United States,Excession Systems,Georgia,FALSE,Atlanta,2-00224
add,Gabriel,Tanner,Gabriel Tanner,gtanner,gtanner,Atlanta,Linux Support Technician,Support,"cn=allhands,ou=nfs4-groups,o=nfs4","cn=allhands,ou=nfs4-groups,o=nfs4","cn=edir-users,ou=nfs4-groups,o=nfs4","cn=edir-users,ou=nfs4-groups,o=nfs4",1-404-806-3855,1-404-793-2281,gtanner,United States,Excession Systems,Georgia,FALSE,Atlanta,2-00225
add,Garrett,Nixon,Garrett Nixon,gnixon,gnixon,Atlanta,Virtualization Technician,Technical,"cn=allhands,ou=nfs4-groups,o=nfs4","cn=allhands,ou=nfs4-groups,o=nfs4","cn=edir-users,ou=nfs4-groups,o=nfs4","cn=edir-users,ou=nfs4-groups,o=nfs4",1-404-806-3855,1-404-793-2281,gnixon,United States,Excession Systems,Georgia,FALSE,Atlanta,2-00226
add,Haley,James,Haley James,hjames,hjames,Atlanta,Intermediate Consultant,Consulting,"cn=allhands,ou=nfs4-groups,o=nfs4","cn=allhands,ou=nfs4-groups,o=nfs4","cn=edir-users,ou=nfs4-groups,o=nfs4","cn=edir-users,ou=nfs4-groups,o=nfs4",1-404-806-3855,1-404-793-2281,hjames,United States,Excession Systems,Georgia,FALSE,Atlanta,2-00227
add,Heather,Delgado,Heather Delgado,hdelgado,hdelgado,Atlanta,Development Coordinator,Developers,"cn=allhands,ou=nfs4-groups,o=nfs4","cn=allhands,ou=nfs4-groups,o=nfs4","cn=edir-users,ou=nfs4-groups,o=nfs4","cn=edir-users,ou=nfs4-groups,o=nfs4",1-404-806-3855,1-404-793-2281,hdelgado,United States,Excession Systems,Georgia,FALSE,Atlanta,2-00228
add,Ian,Bauer,Ian Bauer,ibauer,ibauer,Atlanta,Hiring,Human Resources,"cn=allhands,ou=nfs4-groups,o=nfs4","cn=allhands,ou=nfs4-groups,o=nfs4","cn=edir-users,ou=nfs4-groups,o=nfs4","cn=edir-users,ou=nfs4-groups,o=nfs4",1-404-806-3855,1-404-793-2281,ibauer,United States,Excession Systems,Georgia,FALSE,Atlanta,2-00229
add,Jack,Vance,Jack Vance,jvance,jvance,Atlanta,Sales Executive,Sales,"cn=allhands,ou=nfs4-groups,o=nfs4","cn=allhands,ou=nfs4-groups,o=nfs4","cn=edir-users,ou=nfs4-groups,o=nfs4","cn=edir-users,ou=nfs4-groups,o=nfs4",1-404-806-3855,1-404-793-2281,jvance,United States,Excession Systems,Georgia,FALSE,Atlanta,2-00230
add,Jacqueline,Sanford,Jacqueline Sanford,jsanford,jsanford,Atlanta,OS Support Technician,Support,"cn=allhands,ou=nfs4-groups,o=nfs4","cn=allhands,ou=nfs4-groups,o=nfs4","cn=edir-users,ou=nfs4-groups,o=nfs4","cn=edir-users,ou=nfs4-groups,o=nfs4",1-404-806-3855,1-404-793-2281,jsanford,United States,Excession Systems,Georgia,FALSE,Atlanta,2-00231
add,Jared,Powell,Jared Powell,jpowell,jpowell,Atlanta,Security Technician,Technical,"cn=allhands,ou=nfs4-groups,o=nfs4","cn=allhands,ou=nfs4-groups,o=nfs4","cn=edir-users,ou=nfs4-groups,o=nfs4","cn=edir-users,ou=nfs4-groups,o=nfs4",1-404-806-3855,1-404-793-2281,jpowell,United States,Excession Systems,Georgia,FALSE,Atlanta,2-00232
add,Jason,Bates,Jason Bates,jbates,jbates,Atlanta,Junior Consultant,Consulting,"cn=allhands,ou=nfs4-groups,o=nfs4","cn=allhands,ou=nfs4-groups,o=nfs4","cn=edir-users,ou=nfs4-groups,o=nfs4","cn=edir-users,ou=nfs4-groups,o=nfs4",1-404-806-3855,1-404-793-2281,jbates,United States,Excession Systems,Georgia,FALSE,Atlanta,2-00233
add,Jenna,McBride,Jenna McBride,jmcbride,jmcbride,Atlanta,DB Developer,Developers,"cn=allhands,ou=nfs4-groups,o=nfs4","cn=allhands,ou=nfs4-groups,o=nfs4","cn=edir-users,ou=nfs4-groups,o=nfs4","cn=edir-users,ou=nfs4-groups,o=nfs4",1-404-806-3855,1-404-793-2281,jmcbride,United States,Excession Systems,Georgia,FALSE,Atlanta,2-00234
add,Jeremy,Huang,Jeremy Huang,jhuang,jhuang,Atlanta,Legal Assistant,Legal,"cn=allhands,ou=nfs4-groups,o=nfs4","cn=allhands,ou=nfs4-groups,o=nfs4","cn=edir-users,ou=nfs4-groups,o=nfs4","cn=edir-users,ou=nfs4-groups,o=nfs4",1-404-806-3855,1-404-793-2281,jhuang,United States,Excession Systems,Georgia,FALSE,Atlanta,2-00235
add,Jessica,Novak,Jessica Novak,jnovak,jnovak,Atlanta,Marketing Executive,Sales,"cn=allhands,ou=nfs4-groups,o=nfs4","cn=allhands,ou=nfs4-groups,o=nfs4","cn=edir-users,ou=nfs4-groups,o=nfs4","cn=edir-users,ou=nfs4-groups,o=nfs4",1-404-806-3855,1-404-793-2281,jnovak,United States,Excession Systems,Georgia,FALSE,Atlanta,2-00236
add,Jonathan,Coleman,Jonathan Coleman,jcoleman,jcoleman,Atlanta,Application Support Technician,Support,"cn=allhands,ou=nfs4-groups,o=nfs4","cn=allhands,ou=nfs4-groups,o=nfs4","cn=edir-users,ou=nfs4-groups,o=nfs4","cn=edir-users,ou=nfs4-groups,o=nfs4",1-404-806-3855,1-404-793-2281,jcoleman,United States,Excession Systems,Georgia,FALSE,Atlanta,2-00237
add,Jordan,Villanueva,Jordan Villanueva,jvillanu,jvillanu,Atlanta,OS Technician,Technical,"cn=allhands,ou=nfs4-groups,o=nfs4","cn=allhands,ou=nfs4-groups,o=nfs4","cn=edir-users,ou=nfs4-groups,o=nfs4","cn=edir-users,ou=nfs4-groups,o=nfs4",1-404-806-3855,1-404-793-2281,jvillanu,United States,Excession Systems,Georgia,FALSE,Atlanta,2-00238
add,Joseph,Drake,Joseph Drake,jdrake,jdrake,Atlanta,Intermediate Consultant,Consulting,"cn=allhands,ou=nfs4-groups,o=nfs4","cn=allhands,ou=nfs4-groups,o=nfs4","cn=edir-users,ou=nfs4-groups,o=nfs4","cn=edir-users,ou=nfs4-groups,o=nfs4",1-404-806-3855,1-404-793-2281,jdrake,United States,Excession Systems,Georgia,FALSE,Atlanta,2-00239
add,Juan,McCullough,Juan McCullough,jmccullo,jmccullo,Atlanta,Linux Developer,Developers,"cn=allhands,ou=nfs4-groups,o=nfs4","cn=allhands,ou=nfs4-groups,o=nfs4","cn=edir-users,ou=nfs4-groups,o=nfs4","cn=edir-users,ou=nfs4-groups,o=nfs4",1-404-806-3855,1-404-793-2281,jmccullo,United States,Excession Systems,Georgia,FALSE,Atlanta,2-00240
add,Justin,Compton,Justin Compton,jcompton,jcompton,Atlanta,Sales Executive,Sales,"cn=allhands,ou=nfs4-groups,o=nfs4","cn=allhands,ou=nfs4-groups,o=nfs4","cn=edir-users,ou=nfs4-groups,o=nfs4","cn=edir-users,ou=nfs4-groups,o=nfs4",1-404-806-3855,1-404-793-2281,jcompton,United States,Excession Systems,Georgia,FALSE,Atlanta,2-00241
add,Katherine,Wallace,Katherine Wallace,kwallace,kwallace,Atlanta,Application Support Technician,Support,"cn=allhands,ou=nfs4-groups,o=nfs4","cn=allhands,ou=nfs4-groups,o=nfs4","cn=edir-users,ou=nfs4-groups,o=nfs4","cn=edir-users,ou=nfs4-groups,o=nfs4",1-404-806-3855,1-404-793-2281,kwallace,United States,Excession Systems,Georgia,FALSE,Atlanta,2-00242
add,Katie,Becker,Katie Becker,kbecker,kbecker,Atlanta,Technical Supervisor,Technical,"cn=allhands,ou=nfs4-groups,o=nfs4","cn=allhands,ou=nfs4-groups,o=nfs4","cn=edir-users,ou=nfs4-groups,o=nfs4","cn=edir-users,ou=nfs4-groups,o=nfs4",1-404-806-3855,1-404-793-2281,kbecker,United States,Excession Systems,Georgia,FALSE,Atlanta,2-00243
add,Kelly,Burnett,Kelly Burnett,kburnett,kburnett,Atlanta,Junior Consultant,Consulting,"cn=allhands,ou=nfs4-groups,o=nfs4","cn=allhands,ou=nfs4-groups,o=nfs4","cn=edir-users,ou=nfs4-groups,o=nfs4","cn=edir-users,ou=nfs4-groups,o=nfs4",1-404-806-3855,1-404-793-2281,kburnett,United States,Excession Systems,Georgia,FALSE,Atlanta,2-00244
add,Kenneth,Conway,Kenneth Conway,kconway,kconway,Atlanta,Windows Developer,Developers,"cn=allhands,ou=nfs4-groups,o=nfs4","cn=allhands,ou=nfs4-groups,o=nfs4","cn=edir-users,ou=nfs4-groups,o=nfs4","cn=edir-users,ou=nfs4-groups,o=nfs4",1-404-806-3855,1-404-793-2281,kconway,United States,Excession Systems,Georgia,FALSE,Atlanta,2-00245
add,Kimberly,Daugherty,Kimberly Daugherty,kdaugher,kdaugher,Atlanta,Marketing Executive,Sales,"cn=allhands,ou=nfs4-groups,o=nfs4","cn=allhands,ou=nfs4-groups,o=nfs4","cn=edir-users,ou=nfs4-groups,o=nfs4","cn=edir-users,ou=nfs4-groups,o=nfs4",1-404-806-3855,1-404-793-2281,kdaugher,United States,Excession Systems,Georgia,FALSE,Atlanta,2-00246
add,Laura,Ford,Laura Ford,lford,lford,Atlanta,Support Supervisor,Support,"cn=allhands,ou=nfs4-groups,o=nfs4","cn=allhands,ou=nfs4-groups,o=nfs4","cn=edir-users,ou=nfs4-groups,o=nfs4","cn=edir-users,ou=nfs4-groups,o=nfs4",1-404-806-3855,1-404-793-2281,lford,United States,Excession Systems,Georgia,FALSE,Atlanta,2-00247
add,Leah,Norris,Leah Norris,lnorris,lnorris,Atlanta,Junior Consultant,Consulting,"cn=allhands,ou=nfs4-groups,o=nfs4","cn=allhands,ou=nfs4-groups,o=nfs4","cn=edir-users,ou=nfs4-groups,o=nfs4","cn=edir-users,ou=nfs4-groups,o=nfs4",1-404-806-3855,1-404-793-2281,lnorris,United States,Excession Systems,Georgia,FALSE,Atlanta,2-00248
add,Logan,Meyers,Logan Meyers,lmeyers,lmeyers,Atlanta,iOS Developer,Developers,"cn=allhands,ou=nfs4-groups,o=nfs4","cn=allhands,ou=nfs4-groups,o=nfs4","cn=edir-users,ou=nfs4-groups,o=nfs4","cn=edir-users,ou=nfs4-groups,o=nfs4",1-404-806-3855,1-404-793-2281,lmeyers,United States,Excession Systems,Georgia,FALSE,Atlanta,2-00249
add,Luis,Stout,Luis Stout,lstout,lstout,Atlanta,Event Co-ordinator,Sales,"cn=allhands,ou=nfs4-groups,o=nfs4","cn=allhands,ou=nfs4-groups,o=nfs4","cn=edir-users,ou=nfs4-groups,o=nfs4","cn=edir-users,ou=nfs4-groups,o=nfs4",1-404-806-3855,1-404-793-2281,lstout,United States,Excession Systems,Georgia,FALSE,Atlanta,2-00250
add,Mackenzie,Krause,Mackenzie Krause,mkrause,mkrause,Atlanta,Junior Consultant,Consulting,"cn=allhands,ou=nfs4-groups,o=nfs4","cn=allhands,ou=nfs4-groups,o=nfs4","cn=edir-users,ou=nfs4-groups,o=nfs4","cn=edir-users,ou=nfs4-groups,o=nfs4",1-404-806-3855,1-404-793-2281,mkrause,United States,Excession Systems,Georgia,FALSE,Atlanta,2-00251
add,Marcus,Castillo,Marcus Castillo,mcastill,mcastill,Atlanta,Web Developer,Developers,"cn=allhands,ou=nfs4-groups,o=nfs4","cn=allhands,ou=nfs4-groups,o=nfs4","cn=edir-users,ou=nfs4-groups,o=nfs4","cn=edir-users,ou=nfs4-groups,o=nfs4",1-404-806-3855,1-404-793-2281,mcastill,United States,Excession Systems,Georgia,FALSE,Atlanta,2-00252
add,Mariah,Wolfe,Mariah Wolfe,mwolfe,mwolfe,Atlanta,Event Co-ordinator,Sales,"cn=allhands,ou=nfs4-groups,o=nfs4","cn=allhands,ou=nfs4-groups,o=nfs4","cn=edir-users,ou=nfs4-groups,o=nfs4","cn=edir-users,ou=nfs4-groups,o=nfs4",1-404-806-3855,1-404-793-2281,mwolfe,United States,Excession Systems,Georgia,FALSE,Atlanta,2-00253
add,Mark,Colon,Mark Colon,mcolon,mcolon,Atlanta,DB Developer,Developers,"cn=allhands,ou=nfs4-groups,o=nfs4","cn=allhands,ou=nfs4-groups,o=nfs4","cn=edir-users,ou=nfs4-groups,o=nfs4","cn=edir-users,ou=nfs4-groups,o=nfs4",1-404-806-3855,1-404-793-2281,mcolon,United States,Excession Systems,Georgia,FALSE,Atlanta,2-00254
add,Matthew,Gentry,Matthew Gentry,mgentry,mgentry,Atlanta,Sales Executive,Sales,"cn=allhands,ou=nfs4-groups,o=nfs4","cn=allhands,ou=nfs4-groups,o=nfs4","cn=edir-users,ou=nfs4-groups,o=nfs4","cn=edir-users,ou=nfs4-groups,o=nfs4",1-404-806-3855,1-404-793-2281,mgentry,United States,Excession Systems,Georgia,FALSE,Atlanta,2-00255
add,Melissa,McGrath,Melissa McGrath,mmcgrath,mmcgrath,Atlanta,Linux Developer,Developers,"cn=allhands,ou=nfs4-groups,o=nfs4","cn=allhands,ou=nfs4-groups,o=nfs4","cn=edir-users,ou=nfs4-groups,o=nfs4","cn=edir-users,ou=nfs4-groups,o=nfs4",1-404-806-3855,1-404-793-2281,mmcgrath,United States,Excession Systems,Georgia,FALSE,Atlanta,2-00256
add,Miguel,Crawford,Miguel Crawford,mcrawfor,mcrawfor,Atlanta,Marketing Executive,Sales,"cn=allhands,ou=nfs4-groups,o=nfs4","cn=allhands,ou=nfs4-groups,o=nfs4","cn=edir-users,ou=nfs4-groups,o=nfs4","cn=edir-users,ou=nfs4-groups,o=nfs4",1-404-806-3855,1-404-793-2281,mcrawfor,United States,Excession Systems,Georgia,FALSE,Atlanta,2-00257
add,Mitchell,McCarthy,Mitchell McCarthy,mmccarth,mmccarth,Atlanta,Windows Developer,Developers,"cn=allhands,ou=nfs4-groups,o=nfs4","cn=allhands,ou=nfs4-groups,o=nfs4","cn=edir-users,ou=nfs4-groups,o=nfs4","cn=edir-users,ou=nfs4-groups,o=nfs4",1-404-806-3855,1-404-793-2281,mmccarth,United States,Excession Systems,Georgia,FALSE,Atlanta,2-00258
add,Monica,Calderon,Monica Calderon,mcaldero,mcaldero,Atlanta,Sales Executive,Sales,"cn=allhands,ou=nfs4-groups,o=nfs4","cn=allhands,ou=nfs4-groups,o=nfs4","cn=edir-users,ou=nfs4-groups,o=nfs4","cn=edir-users,ou=nfs4-groups,o=nfs4",1-404-806-3855,1-404-793-2281,mcaldero,United States,Excession Systems,Georgia,FALSE,Atlanta,2-00259
add,Natalie,Lowery,Natalie Lowery,nlowery,nlowery,Atlanta,iOS Developer,Developers,"cn=allhands,ou=nfs4-groups,o=nfs4","cn=allhands,ou=nfs4-groups,o=nfs4","cn=edir-users,ou=nfs4-groups,o=nfs4","cn=edir-users,ou=nfs4-groups,o=nfs4",1-404-806-3855,1-404-793-2281,nlowery,United States,Excession Systems,Georgia,FALSE,Atlanta,2-00260
add,Nathaniel,Anderson,Nathaniel Anderson,nanderso,nanderso,Atlanta,Marketing Executive,Sales,"cn=allhands,ou=nfs4-groups,o=nfs4","cn=allhands,ou=nfs4-groups,o=nfs4","cn=edir-users,ou=nfs4-groups,o=nfs4","cn=edir-users,ou=nfs4-groups,o=nfs4",1-404-806-3855,1-404-793-2281,nanderso,United States,Excession Systems,Georgia,FALSE,Atlanta,2-00261
add,Noah,Hunter,Noah Hunter,nohunter,nohunter,Atlanta,Web Developer,Developers,"cn=allhands,ou=nfs4-groups,o=nfs4","cn=allhands,ou=nfs4-groups,o=nfs4","cn=edir-users,ou=nfs4-groups,o=nfs4","cn=edir-users,ou=nfs4-groups,o=nfs4",1-404-806-3855,1-404-793-2281,nohunter,United States,Excession Systems,Georgia,FALSE,Atlanta,2-00262
add,Paige,Klein,Paige Klein,pklein,pklein,Atlanta,Sales Executive,Sales,"cn=allhands,ou=nfs4-groups,o=nfs4","cn=allhands,ou=nfs4-groups,o=nfs4","cn=edir-users,ou=nfs4-groups,o=nfs4","cn=edir-users,ou=nfs4-groups,o=nfs4",1-404-806-3855,1-404-793-2281,pklein,United States,Excession Systems,Georgia,FALSE,Atlanta,2-00263
add,Paul,Davenport,Paul Davenport,pdavenpo,pdavenpo,Atlanta,DB Developer,Developers,"cn=allhands,ou=nfs4-groups,o=nfs4","cn=allhands,ou=nfs4-groups,o=nfs4","cn=edir-users,ou=nfs4-groups,o=nfs4","cn=edir-users,ou=nfs4-groups,o=nfs4",1-404-806-3855,1-404-793-2281,pdavenpo,United States,Excession Systems,Georgia,FALSE,Atlanta,2-00264
add,Rachel,Dorsey,Rachel Dorsey,rdorsey,rdorsey,Atlanta,Marketing Executive,Sales,"cn=allhands,ou=nfs4-groups,o=nfs4","cn=allhands,ou=nfs4-groups,o=nfs4","cn=edir-users,ou=nfs4-groups,o=nfs4","cn=edir-users,ou=nfs4-groups,o=nfs4",1-404-806-3855,1-404-793-2281,rdorsey,United States,Excession Systems,Georgia,FALSE,Atlanta,2-00265
add,Richard,Mayo,Richard Mayo,rmayo,rmayo,Atlanta,Linux Developer,Developers,"cn=allhands,ou=nfs4-groups,o=nfs4","cn=allhands,ou=nfs4-groups,o=nfs4","cn=edir-users,ou=nfs4-groups,o=nfs4","cn=edir-users,ou=nfs4-groups,o=nfs4",1-404-806-3855,1-404-793-2281,rmayo,United States,Excession Systems,Georgia,FALSE,Atlanta,2-00266
add,Sabrina,Rose,Sabrina Rose,srose,srose,Atlanta,Sales Executive,Sales,"cn=allhands,ou=nfs4-groups,o=nfs4","cn=allhands,ou=nfs4-groups,o=nfs4","cn=edir-users,ou=nfs4-groups,o=nfs4","cn=edir-users,ou=nfs4-groups,o=nfs4",1-404-806-3855,1-404-793-2281,srose,United States,Excession Systems,Georgia,FALSE,Atlanta,2-00267
add,Samuel,Bowen,Samuel Bowen,sbowen,sbowen,Atlanta,Windows Developer,Developers,"cn=allhands,ou=nfs4-groups,o=nfs4","cn=allhands,ou=nfs4-groups,o=nfs4","cn=edir-users,ou=nfs4-groups,o=nfs4","cn=edir-users,ou=nfs4-groups,o=nfs4",1-404-806-3855,1-404-793-2281,sbowen,United States,Excession Systems,Georgia,FALSE,Atlanta,2-00268
add,Sarah,Larsen,Sarah Larsen,slarsen,slarsen,Atlanta,Marketing Executive,Sales,"cn=allhands,ou=nfs4-groups,o=nfs4","cn=allhands,ou=nfs4-groups,o=nfs4","cn=edir-users,ou=nfs4-groups,o=nfs4","cn=edir-users,ou=nfs4-groups,o=nfs4",1-404-806-3855,1-404-793-2281,slarsen,United States,Excession Systems,Georgia,FALSE,Atlanta,2-00269
add,Scott,Frost,Scott Frost,sfrost,sfrost,Atlanta,iOS Developer,Developers,"cn=allhands,ou=nfs4-groups,o=nfs4","cn=allhands,ou=nfs4-groups,o=nfs4","cn=edir-users,ou=nfs4-groups,o=nfs4","cn=edir-users,ou=nfs4-groups,o=nfs4",1-404-806-3855,1-404-793-2281,sfrost,United States,Excession Systems,Georgia,FALSE,Atlanta,2-00270
add,Seth,Haney,Seth Haney,shaney,shaney,Atlanta,Sales Executive,Sales,"cn=allhands,ou=nfs4-groups,o=nfs4","cn=allhands,ou=nfs4-groups,o=nfs4","cn=edir-users,ou=nfs4-groups,o=nfs4","cn=edir-users,ou=nfs4-groups,o=nfs4",1-404-806-3855,1-404-793-2281,shaney,United States,Excession Systems,Georgia,FALSE,Atlanta,2-00271
add,Shawn,Weaver,Shawn Weaver,sweaver,sweaver,Atlanta,Web Developer,Developers,"cn=allhands,ou=nfs4-groups,o=nfs4","cn=allhands,ou=nfs4-groups,o=nfs4","cn=edir-users,ou=nfs4-groups,o=nfs4","cn=edir-users,ou=nfs4-groups,o=nfs4",1-404-806-3855,1-404-793-2281,sweaver,United States,Excession Systems,Georgia,FALSE,Atlanta,2-00272
add,Sierra,Daniel,Sierra Daniel,sdaniel,sdaniel,Atlanta,Marketing Executive,Sales,"cn=allhands,ou=nfs4-groups,o=nfs4","cn=allhands,ou=nfs4-groups,o=nfs4","cn=edir-users,ou=nfs4-groups,o=nfs4","cn=edir-users,ou=nfs4-groups,o=nfs4",1-404-806-3855,1-404-793-2281,sdaniel,United States,Excession Systems,Georgia,FALSE,Atlanta,2-00273
add,Stephanie,Bruce,Stephanie Bruce,sbruce,sbruce,Atlanta,DB Developer,Developers,"cn=allhands,ou=nfs4-groups,o=nfs4","cn=allhands,ou=nfs4-groups,o=nfs4","cn=edir-users,ou=nfs4-groups,o=nfs4","cn=edir-users,ou=nfs4-groups,o=nfs4",1-404-806-3855,1-404-793-2281,sbruce,United States,Excession Systems,Georgia,FALSE,Atlanta,2-00274
add,Steven,Spears,Steven Spears,sspears,sspears,Atlanta,Event Co-ordinator,Sales,"cn=allhands,ou=nfs4-groups,o=nfs4","cn=allhands,ou=nfs4-groups,o=nfs4","cn=edir-users,ou=nfs4-groups,o=nfs4","cn=edir-users,ou=nfs4-groups,o=nfs4",1-404-806-3855,1-404-793-2281,sspears,United States,Excession Systems,Georgia,FALSE,Atlanta,2-00275
add,Taylor,Boone,Taylor Boone,tboone,tboone,Atlanta,Linux Developer,Developers,"cn=allhands,ou=nfs4-groups,o=nfs4","cn=allhands,ou=nfs4-groups,o=nfs4","cn=edir-users,ou=nfs4-groups,o=nfs4","cn=edir-users,ou=nfs4-groups,o=nfs4",1-404-806-3855,1-404-793-2281,tboone,United States,Excession Systems,Georgia,FALSE,Atlanta,2-00276
add,Test,User02,Test User02,testuser02,testuser02,Atlanta,Testing Account,Technical,"cn=allhands,ou=nfs4-groups,o=nfs4","cn=allhands,ou=nfs4-groups,o=nfs4","cn=edir-users,ou=nfs4-groups,o=nfs4","cn=edir-users,ou=nfs4-groups,o=nfs4",1-404-806-3855,1-404-793-2281,testuser02,United States,Excession Systems,Georgia,FALSE,Atlanta,2-00277
add,Tiffany,Peters,Tiffany Peters,tpeters,tpeters,Atlanta,Marketing Supervisor,Sales,"cn=allhands,ou=nfs4-groups,o=nfs4","cn=allhands,ou=nfs4-groups,o=nfs4","cn=edir-users,ou=nfs4-groups,o=nfs4","cn=edir-users,ou=nfs4-groups,o=nfs4",1-404-806-3855,1-404-793-2281,tpeters,United States,Excession Systems,Georgia,FALSE,Atlanta,2-00278
add,Travis,McLaughlin,Travis McLaughlin,tmclaugh,tmclaugh,Atlanta,iOS Developer,Developers,"cn=allhands,ou=nfs4-groups,o=nfs4","cn=allhands,ou=nfs4-groups,o=nfs4","cn=edir-users,ou=nfs4-groups,o=nfs4","cn=edir-users,ou=nfs4-groups,o=nfs4",1-404-806-3855,1-404-793-2281,tmclaugh,United States,Excession Systems,Georgia,FALSE,Atlanta,2-00279
add,Tyler,Jefferson,Tyler Jefferson,tjeffers,tjeffers,Atlanta,Sales Supervisor,Sales,"cn=allhands,ou=nfs4-groups,o=nfs4","cn=allhands,ou=nfs4-groups,o=nfs4","cn=edir-users,ou=nfs4-groups,o=nfs4","cn=edir-users,ou=nfs4-groups,o=nfs4",1-404-806-3855,1-404-793-2281,tjeffers,United States,Excession Systems,Georgia,FALSE,Atlanta,2-00280
add,Victor,Peck,Victor Peck,vpeck,vpeck,Atlanta,Development Supervisor,Developers,"cn=allhands,ou=nfs4-groups,o=nfs4","cn=allhands,ou=nfs4-groups,o=nfs4","cn=edir-users,ou=nfs4-groups,o=nfs4","cn=edir-users,ou=nfs4-groups,o=nfs4",1-404-806-3855,1-404-793-2281,vpeck,United States,Excession Systems,Georgia,FALSE,Atlanta,2-00281
add,Whitney,Kidd,Whitney Kidd,wkidd,wkidd,Atlanta,Inside Sales,Sales,"cn=allhands,ou=nfs4-groups,o=nfs4","cn=allhands,ou=nfs4-groups,o=nfs4","cn=edir-users,ou=nfs4-groups,o=nfs4","cn=edir-users,ou=nfs4-groups,o=nfs4",1-404-806-3855,1-404-793-2281,wkidd,United States,Excession Systems,Georgia,FALSE,Atlanta,2-00282
